id,spoiler
0,a match
1,Giving at the expense of your own wellbeing damages your chance of longterm success
2,"access to better medical care, leisure time, healthier food"
3,Braconid
4,Cured egg yolks
5,John Williams
6,"1 Take a long, warm shower with sweetsmelling essential oils"
7,a stranger accidentally put Hailey in harm's way by stopping to pet Flynn
8,Lord Ivar Mountbatten
9,going so hardcore that I made myself really unhappy
10,Who is watching your kids?
11,inauthentic
12,Celia Cruz
13,I've got three more years on my contract with United and the desire to win more
14,their lives are claustrophobic and squalid
15,117 billion
16,how the Chihiro's parents turned into pigs
17,Gulf Futurism
18,1 Get an education
19,New York
20,Michael Sam
21,drunk or Danish
22,With Swoggi being so confident that you will get these discounts that they provide voucher
23,longline yellow raincoat
24,raise awareness about a very important issue
25,HamillHimself can I go to comic con as Luke Skywalker even though I
26,the men had just left Officer Smith’s funeral
27,"Most Americans think climate change, and more frequent and severe natural disasters are linked"
28,"Despite losing big to Hillary Clinton in diverse, urban areas of south Florida, Trump dominated"
29,Y Combinator
30,1 Iceland
31,"If he could talk, this dog would be saying, I’m not mad"
32,Tesco
33,either the NES Classic Edition is not available for preorder or
34,Price of college textbooks
35,He belts out a few of his favorite Broadway tunes
36,My laziness serves as a filter Something has to be really good before I'll decide
37,Austin
38,"Most patients with ALS—also known as Lou Gehrig's disease, for the famous"
39,YInMn blue
40,blue wavelength light
41,a large green bottle on the red planet's surface
42,'Parenthood'
43,"increases temps mean molecules move faster, resulting in enzymes speeding up metabolism and cells"
44,Five raccoons were trapped inside the Coonskin Park trash receptacle
45,Jason Aldean
46,Harry pocketed it
47,at least an hour
48,I’m always listening to gospel music
49,Expo markers are expensive
50,Rodgers earned the role on his talent alone
51,"Gamechanging DLC, it seems, will remain free"
52,1 Readers wanted to read about it
53,leafy greens
54,Pennsylvania
55,plastic debris
56,"Among those who are divorced or widowed, age made a big difference in desire to"
57,Amber Galloway Gallego is not your everyday American Sign Language ASL interpreter
58,playing dead
59,Miley Cyrus
60,"The items on the lengthy checklist include childhood favorites, such as going on a bike or"
61,"Simply use the Lucky Egg to gain double XP for the next 30 minutes, or use"
62,didn't wash their hands
63,Jussie Smollett
64,Trump is viewed as fundamentally unfit for the job by an unusually large percentage of Republican voters
65,spoke a picture of your boarding pass and post it to Facebook
66,Delaware loophole
67,Kevin Hart
68,HBO signed a deal with Amazon to make its archive of television programs available for streaming
69,"25,000 per month"
70,new home button
71,Vermont
72,Dress for the job you want
73,1 Museum of Modern Art
74,You need to eat cupfuls of chickpeas
75,Bolivia's San Pedro Prison
76,a moon
77,Tokyo
78,we're not certain how well the photosharing app can convey enough information to convince
79,Donald Trump continues to pay the price for his racist and divisive rabblerousing
80,MS Dhoni
81,tumor in her brain
82,heavyontop style
83,plastic surgery
84,Neuphoric AntiAging Cream
85,"going allout in a metcon workout can help you improve your work capacity, making"
86,Katy Perry
87,The Netherlands
88,Mzznaki Tetteh
89,World War I
90,a piece of foam with a photo of the thing I wanted printed on it
91,One tablespoon has a whopping 37 grams of sugar
92,Katar Cole
93,Bugatti Type 57S
94,Make America Great Again is a great slogan I would like to meet him
95,Peter Pilotto
96,irregular working hours and work stress
97,"'Hey Trump, f you'"
98,Nebraska allocates its electoral college votes not in the usual winnertakeall
99,decision to cancel the Paris Climate Plan
100,1 Adventurous Christmas Chile
101,bigger presence
102,"A new survey says that, not taking into account sleeping time, Thai people spend the"
103,game's online multiplayer unplayable
104,raw apple and raw lettuce
105,severe allergic reaction that John had experienced called anaphylaxis
106,fettuccine Alfredo
107,serious heart condition
108,Delores Curtis
109,fire authorities in Western Australia say no properties were lost
110,Unconditional — they can do anything they want with it
111,"The logic of the drugs war only leads one way the police get smarter, so the"
112,Gulls and some other birds will steal food right from the clutches of other
113,the title page
114,Shamus Beaglehole
115,"After getting my DNA report I learned that there are a number of genealogy sites,"
116,Wolverampton
117,This stunning colourful igloo
118,"The film is shot and cut with a nearmaddening degree of patience, its"
119,Ruby Tuesday RT
120,negative yields
121,Towels
122,J Crew
123,Andy Stern
124,the main character almost never has a mother
125,In an explicit 2000 Playboy video
126,for a watch
127,Its stomach was full of gas so it was all bloated up
128,Destiny
129,no piece by piece upgrading
130,"The new Visa cards provide members with 4 cash back on up to 7,000 of"
131,Online gaming eventually gave him a sense of purpose
132,"Howard has been told he resembles the infamous dictator since 2011, when Kim took power"
133,Apple Logo
134,Ammon Bundy
135,frostbite
136,The latest addition to this troubling trend – the rumor that actress Jennifer Lawrence is being cast
137,Christine Tink Newman
138,use of condoms on the bed and flashing instead of giving a tip
139,Bad languageill thoughtsrude ideasnegative radical views
140,José José
141,682 billion
142,the year that was in good news
143,"more and more people are being born without wisdom teeth, or have their wisdom teeth erupt"
144,The apex court on Monday granted her permission to terminate her pregnancy
145,02 percentage points ahead of Clinton
146,Wax inside a whale’s ear stores all sorts of useful information on the
147,rejecting all the larger vessels with those of smaller sizes
148,She replied simply by saying she had a house closeby  Have you ever met the
149,"Sunday, May 8"
150,I think it depends on the attitude you take towards it
151,The Rock
152,Jackson Vroman
153,1 Ideas Have Consequences
154,prototype imaging system that’s able to read pages of a book without opening it
155,Katherine Heigl's behavior on set has become notoriously difficult
156,Nuts
157,potatoes
158,Stop using a heavy coverage foundation
159,Taran Killam
160,Idaho
161,readers of fiction are more empathetic towards others
162,Katrina Henry
163,"your favorite, thoughtful, wordy rapper could put out a song with your least favorite"
164,77
165,produce your synaptic connections
166,"If the IOC does ban Russia, that’s enough medals to throw any Olympic"
167,looks just like a penis
168,1 Don't touch her bump
169,being a single mom to daughter Jessica
170,"725,759"
171,"Laws that maintain the legal drinking age at 21 save lives on the road, and"
172,Oregon
173,almost every space pops with color
174,advisorial capacity
175,'Dumb and Dumber' Sequel
176,never taking things for granted and helping spread awareness of children’s cancer
177,Valve announced it would begin sending requests to cease operations to gambling websites that use Steam
178,cinnamon
179,Greg Puciato
180,"ravenous bear broke into a Lyons, Colorado, bakery and ate 24 pies"
181,bag container formed of white solid bleached sulfate paper
182,But it now seems that by cutting a small cross in the base of each sprout
183,Instant Skin Quencher
184,Jimmy Smits
185,novelty
186,1 Stand in front of her with 1 to 15 meters between you
187,bag of dick tips
188,1 Beyond Good  Evil
189,Step back from the Queen's Guard and thrust his ratherdeadly gun complete with rather
190,One of the men then allegedly told her that he would force her to go and grabbed
191,Laura Bush
192,Michael Brain
193,pizza
194,"The inaudience culprit appeared to respond, and Timberlake continued Oh you wanted me"
195,"Depending on your priorities, it might be"
196,Colorado
197,Initial jobless claims unexpectedly fell
198,"It simply couldn't make enough toys to satiate demand in North America, and needed"
199,I’m not killing off Harrison Ford
200,new generation epassport featuring enhanced security features such as biometric details may soon be
201,It will be a continuation of the first season’s story
202,John Slattery
203,"black bag, hidden inside"
204,"He ended up in the hills above Whittier, along Turnbull Canyon Road"
205,Tulsiram Manere
206,Ailish Sheehan
207,Count each small win
208,Chicago
209,An image is sexually objectifying if yes is the answer to any of the following questions
210,Nellie Bly
211,French fry
212,several stalagmite rings were older than any known cave painting
213,she got distracted by her own ‘erotic thoughts’
214,Sarah Gailey
215,3 is greater than 2
216,Eatsa
217,"10,527,843,932"
218,using this also changes the appearance of your cell phone
219,Many Young Americans Blame Colleges For Rising Student Debt
220,Praise be to Allah that he became a martyr
221,Will or won’t they divorce?
222,Chien Chihcheng
223,Boone Police Department charged the women with seven counts of misdemeanor graffiti and one count of
224,Emily Gardner
225,Menelik Watson
226,I Miss You
227,"heavy proteins, healthy fats like nuts and avocado, carbs, fruits, veggies and cheese"
228,Ana Ana
229,He was all whiny last week
230,breaking protocol in placing the murderer’s body
231,pears
232,Blake McIver
233,it is now legal to hunt for catfish with pitchforks or spears
234,lack of understanding
235,twerking
236,"st wrong words St, st, st"
237,Caitlyn Cannon
238,big belly rub
239,Amy Schumer
240,A right triangle has a hypotenuse equal to 10 and an altitude to the hypot
241,splitters between Scotland and large parts of England who voted to stay and other parts of
242,having purpose
243,completely bald
244,Emperor Palpatine's granddaughter
245,Lisa Brown
246,"With the reported 115 million raised from the Ice Bucket Challenge, the ALS Association funded six"
247,These small circles are called Venus Holes and are formed on the lower back of women
248,"The technique, which is a form of acupuncture, is done by lighting flammable"
249,More than 18 hours a day
250,The silver birches' branches and leaves sagged at night they reached their lowest
251,Khan
252,Berlin
253,Chocolate crinkles baked inhouse daily
254,"Exhale completely through your mouth, making a whoosh sound as you do so"
255,A retired police officer who carried a young girl to safety nearly 20 years ago was reunited
256,The tab needs to be separated from the chopsticks and then it doubles up as a
257,"egg cartons and plastic ice cube trays make great organizational tools for jewelry, cuff"
258,An investigation found that Baylor University had mishandled sexual assault accusations against its football players
259,trim your pubic hair
260,A good candidate with flaws
261,packed with nutrients that are beneficial and healthy for you
262,Ben Bernanke
263,Jordan Klepper
264,accessibility is very limited
265,sleep deprivation
266,Feb 24
267,"In very small amounts say, a few teaspoons"
268,talking about it with their partners
269,polymyalgia rheumatica
270,"After Fowler’s blast, Kyle Schwarber hit a slow grounder to the"
271,You can eat a cheeseburger with your knee as you put on makeup with your
272,use as a drink coaster
273,buying a pet as for someone you care about
274,Minnesota
275,Her
276,"a mutation to a separate, nearby gene called HERC2"
277,Dawn Grace
278,blond
279,THE MUSIC
280,Adding it to the cooking process makes the starch granules resistant to the action of digestive
281,knead their paws into you
282,spy camera hooks
283,Palm Springs
284,Louisville
285,racial
286,"Men, however, just reach behind their neck and yank their shirt off"
287,The castle at Winterfell was adorned with the gruesome Bolton sigil
288,lime green
289,Aaron Judge
290,"Thiruvananthapuram, India"
291,chocolate
292,1 Ecuador
293,Not getting enough sleep may cause changes to gut bacteria
294,There were many plot twists and updates that gave the newly released Beauty and Beast a completely
295,an acoustic version
296,moral
297,Buffy the Vampire Slayer
298,Mr Burger offering free burgers if you change your last name
299,potential cancer
300,Peter Facinelli
301,Chris Pratt
302,Compliance officer
303,Lawyer Media TV and radio
304,Rosemary
305,"1,080 slightly above average"
306,Play Music All Access streaming service
307,CHILI PEPPERS Capsaicin
308,Intrepid
309,morning after you wake up
310,"UC, Los Angeles"
311,The chances that a stranger will abduct and kill or not return a child
312,capture the pigeon
313,Chal Na Katrina
314,Feb 24 at 9 pm
315,seven hours
316,by watching the trailer for GBF
317,Pika Pika Pikachoose
318,pussy
319,he added Congress also be giving him the funding to build the wall as well
320,"she may get to add both to her impeccable track record of war, bloodshed and"
321,Lawrence Phillips
322,Carrer Avinyó
323,Nick Johnson
324,a 74yearold man with a bad limp knocked on the window
325,Choice
326,superfetation
327,Colin Quinn
328,text messages
329,fossil
330,"1,700"
331,1 CocaCola Memorabilia
332,The evacuation of civilians and opposition fighters from eastern Aleppo have been suspended after rebels opened fire
333,lost and hidden city of Skara Brae
334,Sir Bradley Wiggins
335,playing the game without ever firing a gun
336,"the more the Cowboys run the ball, the better the chance for his survival"
337,Pikaqiu
338,Whitney Thompson
339,"cosmic and geophysical forces tend to zero because of their slow nature or rarity,"
340,This is a work of fiction
341,"It could represent the danger of a snake or another predator, Mugford continued I suspect"
342,diet beverages do not beat water
343,Captain Phillips
344,man spins around and starts laughing and playing with him like they're bezzie mates
345,a rag
346,Back The Blue tshirts
347,Houston
348,"a card that read, Do not open until your 1st disagreement"
349,swiping a chip card instead of inserting it into slot
350,Elle
351,there is no evidence that not washing jeans is hazardous to your health
352,Trump snorted too much adderall TrumpSniffle
353,coconut oil
354,chockfull of nutrients and electrolytes like potassium
355,Imagine going for a job interview and the woman says she will email u in a few
356,Chris Crocker
357,"Men are more likely to have a heart attack after a snowfall, and it's"
358,"little Aubrey wrapped in motorcycle gloves, next to a colorful, shiny motorcycle helmet"
359,A number 7 with medium fries and a Coke
360,Minnesota
361,"TURN AROUND and exit the building, the sign read Your son will learn to"
362,Singleplayer lag
363,taking her own necklace and bracelet
364,Cecily Strong
365,You like the best of things but you can easily compromise
366,Arizona
367,woefully misaligned with the windows
368,"Springfield, Oregon"
369,Norah had given birth to nine tiny puppies
370,not against crossconsole support and open to the idea of allowing PlayStation 4 players to play
371,"Lead, as Superman fans know, can block the superhero’s Xray vision"
372,Postmicturition convulsion syndrome
373,giantuan milelong asteroid
374,Where do you see yourself in five years?
375,Dumb British blond fucks 15 million people at once
376,Pat Patterson
377,He sees something he doesn’t particularly care if it’s true or
378,Yvette Nicole Brown
379,Florida
380,Hagrid couldn't produce a Patronus
381,Jason Kander looks to be running very strongly in the exit polls
382,53 seconds
383,Where's Rudy?
384,these antibodies could be used to treat many diseases
385,BOOM – Portugal
386,white pepper
387,prostate and anal play
388,Banking on bad movies
389,Klefki
390,loves each other too much
391,Hillary Clinton
392,concrete ready to be sold
393,rebalancing its services sector
394,deadly water hemlock
395,showed by how hardworking she is
396,Christopher Suprun
397,vegan plant based diet nothing processed
398,"on 16 October 2016, WikiLeaks posted a series of cryptic numeric tweets, leading many onlook"
399,Richard Belzer
